01@8:>A>2>5 20@5=L5,3
01@8:>A>2>5 ?N@5,3
01@8:>A>2K9 465<,3
01@8:>A>2K9 A>:,AB0:0=
01@8:>AK,3
01@8:>AK :>=A5@28@>20==K5,3
02>:04>,?> 2:CAC
03020 A8@>?,3
030@-030@,3
03@0<,3
0468:0,3
0468:0 75;5=0O,3
0920,?> 2:CAC
092>2>5 ?N@5,3
09@0=,3
09A8=3,3
0:C;0 AB59:8,3
0;:>3>;L,AB0:0=
0;:>3>;L :@5?:89,AB. ;.
0;KG0,3
0;L1CE0@0,HB.
0;L<5E8,3
0<0@0=B>20O <C:0,3
0=0=0A>2K9 A8@>?,3
0=0=0A>2K9 A>:,3
0=0=0AK,3
0=0=0AK 2O;5=K5,3
0=0=0AK :>=A5@28@>20==K5,?> 2:CAC
0=8A,?> 2:CAC
0=8A 72574>G:8,3
0=8A>2K9 ;8:5@,<;
0=8A A5<5=0,3
0=G>CAK,3
0?5;LA8=>20O 2>40,3
0?5;LA8=>20O F54@0,3
0?5;LA8=>20O MAA5=F8O,G. ;.
0?5;LA8=>2>5 20@5=L5,3
0?5;LA8=>2K5 FC:0BK,3
0?5;LA8=>2K9 465<,3
0?5;LA8=>2K9 465< A 8<18@5<,3
0?5;LA8=>2K9 ;8:5@,3
0?5;LA8=>2K9 A8@>?,AB0:0=
0?5;LA8=>2K9 A>:,?> 2:CAC
0?5;LA8=>2K9 A>: A25652K60BK9,3
0?5;LA8=>2K9 C:ACA,AB. ;.
0?5;LA8=>2K9 M:AB@0:B,G. ;.
0?5;LA8=K,3
0?5;LA8=K :@0A=K5,HB.
0?5;LA8=K :@C?=K5,HB.
0@0E8A,3
0@0E8A 60@5=K9,3
0@0E8A>20O ?0AB0,3
0@0E8A>2>5 <0A;>,3
0@0E8A A>;5=K9,3
0@1C7=0O <O:>BL,3
0@1C7K,3
0@30=>2>5 <0A;>,3
0@8HB0,3
0@><0B870B>@,3
"0@><0B870B>@ ""0=0=0A"",Ð¿Ð¾ Ð²Ð"
"0@><0B870B>@ ""28H=O"",ÐºÐ°Ð"
"0@><0B870B>@ ""<0;8=0"",ÐºÐ°Ð"
"0@><0B870B>@ ""@><"",Ð"
0@B8H>:8,3
0@B8H>:8 2 <0A;5,3
0@B8H>:8 <0@8=>20==K5,3
0A?8@8=,HB.
0AA>@B8 <OA=>5,3
0AA>@B8 >2>I=>5,3
0AA>@B8 D@C:B>2>5,3
0AA>@B8 O3>4=>5,3
0H8,3
1035B,3
1035B 2G5@0H=89,3
1035B <8=8,3
1040=,72574>G:0
104LO=,I5?>B:0
1078;8: ;8<>==K9,3
1078;8: A25689,3
1078;8: ACH5=K9,3
1078;8: B09A:89,3>@ABL
1078;8: D8>;5B>2K9,3
10:;060=K,?> 2:CAC
10:;060=K <8=8,3
10:;060=K B09A:85,3
10;K:,3
10;L70<,3
10;L70<8G5A:89 :@5<,AB0:0=
10;L70<8G5A:89 A>CA,AB. ;.
10;L70<8G5A:89 C:ACA,AB0:0=
10;L70< @86A:89 G5@=K9,AB. ;.
10<8O,3
10=0=>2>5 ?N@5,3
10=0=>2K5 G8?AK,3>@ABL
10=0=>2K9 75;5=K9 A8@>?,<;
10=0=>2K9 ;8:5@,<;
10=0=K,3
10=0=K <8=8,3
10@01C;L:0,3
10@0=89 ;825@,3
10@0=89 >:>@>: =0 :>AB>G:5,:CA>:
10@0=89 D0@H,3
10@0=8=0,3
10@0=:8,3
10@0=L8 0=B@5:>BK,:3
10@0=L8 3>;OH:8,HB.
10@0=L8 ?>B@>E0,:3
10@0=L8 @51@KH:8,HB.
10@0=LO ;>?0B:0,:3
10@0=LO =>30,3
10@0=LO ?5G5=L,3
10@10@8A,3
10@10@8A 2O;5=K9,AB. ;.
10@10@8A <>;>BK9,3
10ABC@<0,3
10B0B,3
10B>=,3
10B>=G8:8 H>:>;04=K5,3
1575,3
15:>=,?> 2:CAC
15:>= 20@5=>-:>?G5=K9,3
15:>= AK@>:>?G5=K9,3
15;>@K18F0,3
18@=5;L,<;
18A:28: A<5AL 3>B>20O,?0:5B
18A:28B,3
18A:28B=0O :@>H:0,3
18A:28B=K9 :>@6,3
18A:28B=K9 @C;5B,3
18A:28B H>:>;04=K9,3
18DHB5:A,HB.
1;8==0O <C:0,3
1;8=K 3>B>2K5,3
1;8=K >2AO=K5,HB.
1>1>2K5 @>AB:8,3
1>1K,3
1>1K <C=3 ?@>@>I5==K5,3
1>1K B>=:0,HB.
1>B0@30,3
1@570>;0,3
1@5=48,3
1@>::>;8 70<>@>65==0O,3
1@>::>;8 A2560O,3
1@CA=8:0 70<>@>65==0O,3
1@CA=8:0 A2560O,3
1@CA=8:0 ACH5=0O,3
1@CA=8G=>5 20@5=L5,3
1@CA=8G=K9 A>CA,3
1@K=70,?> 2:CAC
1@K=70 A5@1A:0O,3
1@N:20,3
1C65=8=0,3
1C78=0 A8@>?,AB. ;.
1C:5B 30@=8,?CG>:
1C;3C@,3
1C;:0,:CA>:
1C;:0 15;0O,3
1C;:0 A4>1=0O,3
1C;>G:8,3
1C;>G:8 15;K5 G5@AB2K5,3
1C;>G:8 1@8>HL,HB.
1C;>G:8 2G5@0H=85,HB.
1C;>G:8 4;O 30<1C@35@>2,HB.
1C;>G:8 75@=>2K5,HB.
1C;>G:8 @60=K5,:CA>:
1C;>G:8 A :C=6CB><,HB.
1C;L>=,3
1C;L>==K5 :C18:8,3
1C@1>=,3
C@@0B0,3
1C@O:,3
1CA8=:8 :>=48B5@A:85,G. ;.
1CA8=:8 :>=48B5@A:85 A5@51@O=K5,?> 2:CAC
1KG89 E2>AB,3
20=8;8=,3
20=8;L 2 AB@CG:0E,3
20=8;L=0O =0AB>9:0,AB. ;.
20=8;L=0O MAA5=F8O,3
20=8;L=K9 ?>@>H>:,3
20=8;L=K9 A8@>?,3
20=8;L=K9 M:AB@0:B,?> 2:CAC
20@5=L5,3
20A018,3
20D5;L=0O :@>H:0,3
20D5;L=K5 :>@68,3
20D5;L=K5 B@C1>G:8,3
20D;8,3
20D;8 H>:>;04=K5,3
25@<8H5;L,3
25@<8H5;L O8G=0O,3
25@<CB,3
25@<CB 15;K9,3
25@<CB ACE>9,3
25BG8=0,3
25BG8=0 20@5=0O,3
25BG8=0 20@5=>-:>?G5=0O,:CA>:
25BG8=0 :>?G5=0O,3
25BG8=0 ?0@<A:0O,3
25BG8=0 AK@>:>?G5=0O,3
25H5=:8,3
28=53@5B,3
28==K9 :0<5=L,I5?>B:0
28==K9 C:ACA,3
28==K9 C:ACA 15;K9,3
28==K9 C:ACA :@0A=K9,G. ;.
28==K9 C:ACA =0 G5A=>:5,G. ;.
28==K9 C:ACA =0 MAB@03>=5,AB. ;.
28=> 15;>5,?> 2:CAC
28=> 15;>5 ?>;CA;04:>5,3
28=> 15;>5 ?>;CACE>5,3
28=> 15;>5 A;04:>5,3
28=> 15;>5 AB>;>2>5,AB0:0=
28=> 15;>5 ACE>5,3
28=>3@04,3
28=>3@04 157 :>AB>G5:,3
28=>3@04 15;K9,3
28=>3@04 87015;;0,:3
28=>3@04=>5 65;5,AB. ;.
28=>3@04=K5 ;8ABLO,3
28=>3@04=K5 ;8ABLO <0@8=>20==K5,3
28=>3@04=K5 ;8ABLO <>;>4K5,HB.
28=>3@04=K9 A>:,3
28=>3@04=K9 A>: >A25B;5==K9,G. ;.
28=>3@04 A8=89,3
28=>3@04 G5@=K9,3
28=> 45A5@B=>5,3
28=> 83@8AB>5 ACE>5,3
28=> :@0A=>5,3
28=> :@0A=>5 ?>;CA;04:>5,3
28=> :@0A=>5 ?>;CACE>5,3
28=> :@0A=>5 A;04:>5,3
28=> :@0A=>5 ACE>5,3
28=> :@5?;5=>5,3
28=> @>7>2>5 ?>;CA;04:>5,AB. ;.
28=> @>7>2>5 ?>;CACE>5,3
28A:8,3
28B0<8= C 2 ?>@>H:5,3
28H=520O =0AB>9:0,<;
28H=52>5 20@5=L5,3
28H=52K5 ;8ABLO,3
28H=52K9 465<,3
28H=52K9 ;8:5@,?> 2:CAC
28H=52K9 A8@>?,AB0:0=
28H=52K9 A>:,3
28H=O,3
28H=O 2O;5=0O,3
28H=O 70<>@>65==0O,3
28H=O 70A0E0@5==0O :>=48B5@A:0O,HB.
28H=O :>:B59;L=0O,3
28H=O <0@0A:8=>,HB.
28H=O, ?@>B5@B0O A A0E0@><,3
2>40,3
2>40 <8=5@0;L=0O 157 3070,AB0:0=
2>40 <8=5@0;L=0O 3078@>20==0O,3
2>4:0,3
2>4:0 0=8A>20O,G. ;.
2>4>@>A;8,3
2CAB5@H8@A:89 A>CA,3
30;0=30; :>@5=L,4>;L:0
30;5BK,3
30<1C@35@,3
30=0H,3
30@0< <0A0;0,3
30@=8@,3
30A?0G>,3
32>748:0,3
32>748:0 <>;>B0O,?> 2:CAC
35@0=L ;8ABLO,3
35@:C;5A,3
3;07C@L,3
3;07C@L 15;0O,3
3;07C@L 3>B>20O,?> 2:CAC
3;07C@L G5@=0O,?> 2:CAC
3;07C@L H>:>;04=0O 15;0O,3
3;CB0<0B =0B@8O,3
3;N:>70,3
3;N:>70 A8@>?,3
3>2O48=0,3
3>2O48=0 =0 :>AB8,3
3>2O689 D0@H,?> 2:CAC
3>2O689 O7K:,3
3>2O6L5 A5@4F5,?> 2:CAC
3>2O6L8 18DHB5:AK,3
3>2O6L8 3>;OH:8,3
3>2O6L8 ;53:85,3
3>2O6L8 @51@0,3
3>2O6L8 AB59:8 @8109,3
3>2O6LO 2K@57:0,HB.
3>2O6LO 3@C48=:0,:3
3>2O6LO ;>?0B:0,3
3>2O6LO <>73>20O :>ABL,HB.
3>2O6LO <O:>BL,:3
3>2O6LO ?5G5=L,HB.
3>2O6LO G5@520,3
3>2O6LO H59:0,:3
3>468,3
3>;5F D8;5,HB.
3>;C18:0,3
3>;C18:0 70<>@>65==0O,3
3>;C1L,3
3>@1CH0,?> 2:CAC
3>@1CH0 2 A>1AB25==>< A>:C,10=:0
3>@1CH0 D8;5,3
3>@3>=7>;0,3
3>@3>=7>;0 ?8:0=B5,3
3>@>E,3
3>@>E :>;>BK9,3
3>@>E>2K5 @>AB:8,3>@ABL
3>@>E>2K9 AC?,3
3>@>H5: 75;5=K9,3
3>@>H5: 75;5=K9 70<>@>65==K9,3
3>@>H5: 75;5=K9 :>=A5@28@>20==K9,3
3>@>H5: AB@CG:>2K9 A25689,3
3>@G8F0,3
3>@G8F0 486>=A:0O,3
3>@G8F0 486>=A:0O A <54><,3
3>@G8F0 65;B0O A5<5=0,3
3>@G8F0 >AB@0O,3
3>@G8F0 @CAA:0O,AB. ;.
3>@G8F0 A5<5=0,3
3>@G8F0 A 75@=0<8,3
3>@G8F0 ACE0O,3
3>@G8F0 D@0=FC7A:0O,3
3>@G8F0 F8B@CA>20O,3
3>@G8G=>5 <0A;>,3
3>@G8G=K9 ?>@>H>:,3
3@0=0 ?040=>,AB. ;.
3@0=0B=K5 75@=0,3
3@0=0B>20O ?0AB0,AB. ;.
3@0=0B>2K9 A8@>?,3
3@0=0B>2K9 A>:,3
3@0=0B>2K9 A>: A25652K60BK9,<;
3@0=0B>2K9 A>CA,G. ;.
3@0=0BK,3
3@0=8B0,3
3@0=>;0 A >@5E0<8,3
3@0??0,G. ;.
3@0B5=,:3
3@59?D@CB>20O F54@0,3
3@59?D@CB>2K9 A>:,3
3@59?D@CBK,3
3@59?D@CBK @>7>2K5,3
3@5=048=,3
3@5=:8,3
3@5F:85 >@5E8,3
3@5F:85 >@5E8 @C1;5=K5,3
3@5G=520O :@C?0,3
3@5G=520O :@C?0 75;5=0O,AB. ;.
3@5G=520O ;0?H0 A>10,3
3@5G=520O <C:0,3
3@5G=52>5 <>;>:>,AB0:0=
3@5G=52K5 E;>?LO,3
3@81K,3
3@81K 15;K5,3
3@81K 15;K5 70<>@>65==K5,3
3@81K 15;K5 <0@8=>20==K5,3
3@81K 15;K5 ACE85,3
3@81K 70<>@>65==K5,3
3@81K 70<>@>65==K5 (>?OB0 8 <0A;OB0),3
3@81K ;5A=K5,3
3@81K <0@8=>20==K5,3
3@81K A25685,3
3@81K A>;5=K5,3
3@81K A>;><5==K5 :>=A5@28@>20==K5,HB.
3@81K ACE85,3
3@81K H88B0:5,3
3@81K H88B0:5 ACE85,3
3@8;L,3
3@8AA8=8,3
3@C48=:0,3
3@C48=:0 20@5=>-:>?G5=0O,3
3@C48=:0 :>?G5=0O,?> 2:CAC
3@CH52>5 ?N@5,3
3@CH52K9 ;8:5@,<;
3@CH52K9 A8@>?,<;
3@CH52K9 A>:,3
3@CH52K9 C:ACA,AB. ;.
3@CH8,?> 2:CAC
3@CH8 2O;5=K5,3
3@N95@,3
3C020,HB.
3C0=G80;5,3
3C@L52A:0O :0H0,3
3CA8=0O 3@C4:0 :>?G5=0O,3
3CA8=0O ?5G5=L,3
3CA8=K9 68@,AB. ;.
3CAL,3
3CAL BCH:0,:3
409:>=,3
45BA:>5 ?8B0=85,3
465<,3
468=,3
46CA09,3
48>:A84 B8B0=0,3
4>;<0,3
4>@040,HB.
4>@040 ?>B@>H5=0O A 3>;>2>9,HB.
4>@040 A 3>;>2>9,HB.
4>@040 BCH:0,HB.
4@065,3
4@>668 4><0H=85,3
4@>668 A25685,3
4@>668 ACE85,?> 2:CAC
4C1>20O :>@0,3
4CH8F0,3
4K=O,3
56528:0,3
56528:0 70<>@>65==0O,3
5@H,3
Q@H-=>A0@L,HB.
65;0B8=,3
65;0B8= ;8AB>2>9,?> 2:CAC
65;5,3
65;5 4;O B>@B0,C?0:>2:0
65;8@CNI55 25I5AB2>,C?0:>2:0
65;8@CNI89 A0E0@,3
65=LH5=L,3
684:89 4K<,3
68<>;>ABL,3
68@,3
68@ 2KB>?;5==K9,AB0:0=
68@ :C;8=0@=K9,3
68@ @0AB8B5;L=K9,3
700B0@,I5?>B:0
702B@0: ACE>9,3
702B@0: ACE>9 ?>4CH5G:8,3
703CAB8B5;L 4;O A;82>:,3
709G0B8=0,3
70:20A:0,?0:5B
70:20A:0 25G=0O,3
70<5=8B5;L A0E0@0,?> 2:CAC
70<5=8B5;L A0E0@0 AB528O,3
70?@02:0 4;O A0;0B>2 3>B>20O,3
725@>1>9,?> 2:CAC
75;5=L,3
75;5=L @C1;5=0O,3
75<;O=8:0,?> 2:CAC
75<;O=8:0 70<>@>65==0O,3
75D8@,3
78@0,3
7;0:>2K5 E;>?LO,3
7C10B:0,3
7C10B:0 D8;5,3
87>;OB A>52>3> ?@>B58=0,3
87N<,3
87N< 157 :>AB>G5:,3
87N< 15;K9,3
87N< G5@=K9,3
8:@0,3
8:@0 2O;5=>9 @K1K,3
8:@0 3>@1CH8 75@=8AB0O,3
8:@0 :@0A=0O,3
8:@0 :@0A=>9 @K1K <5;:0O,3
8:@0 ;5BCG59 @K1K,3
8:@0 ;>A>AO,3
8:@0 <>92K,3
8:@0 ?0;BCA0,3
8:@0 AC40:0,3
8:@0 G5@=0O,3
8<18@=>5 20@5=L5,3
8<18@=>5 ?5G5=L5,?> 2:CAC
8<18@=K5 FC:0BK,AB. ;.
8<18@L,3
8<18@L 70A0E0@5==K9,3
8<18@L :>@5=L,3
8<18@L <0@8=>20==K9,3
8<18@L <>;>BK9,3
8=459:0,3
8=459:0 3>;5=L,3
8=459:0 3@C4:0,3
8=459:0 :>?G5=0O,3
8=459:0 BCH:0,HB.
8=459:0 D0@H,3
8=459:0 D8;5,3
8=4>CB:0,HB.
8=4NH0GLO ?5G5=L,3
8=68@,3
8=68@ A25689,3
8=68@ ACH5=K9,3
8@30,3
8@8A:8,3
8B0;LO=A:85 B@02K,3
9>3C@B,3
9>3C@B 3@5G5A:89,3
9>3C@B 68@=K9,3
9>3C@B :>789,3
9>3C@B =0BC@0;L=K9,3
9>3C@B =568@=K9,3
9>3C@B >15768@5==K9,3
9>3C@B D@C:B>2K9,3
:010G:8,3
:010G:8 70<>@>65==K5,3
:010G:8 <>;>4K5,3
:046C=A:0O A<5AL A?5F89,AB. ;.
:0:0>,3>@ABL
:0:0>-1>1K,3
:0:0>-<0A;>,3
:0:0>-?>@>H>:,?> 2:CAC
:0:0>-?>@>H>: >15768@5==K9,3
:0:0> A3CI5==>5,10=:0
:0;8=0,?> 2:CAC
:0;8=0 ?@>B5@B0O,3
:0;8=468 A5<5=0,G. ;.
:0;L204>A,3
:0;L<0@K,3
:0;L<0@K 20@5=K5,3
:0;L<0@K 70<>@>65==K5,3
:0;L<0@K :>=A5@28@>20==K5,3
:0;L<0@K D8;5,HB.
:0<0<15@,C?0:>2:0
:0<10;0,3
:0<10;0 D8;5,3
:0<?0@8,<;
:0=4C@8= 7>;>B>9,G. ;.
:0==5;;>=8,3
:0?5;;8=8,3
:0?5@AK,3
:0?5@AK 2 28==>< C:ACA5,3
:0?5@AK <0@8=>20==K5,3
:0?CAB0 15;>:>G0==0O,3
:0?CAB0 1@NAA5;LA:0O,3
:0?CAB0 1@NAA5;LA:0O 70<>@>65==0O,3
:0?CAB0 :0;5,3
:0?CAB0 :20H5=0O,?> 2:CAC
:0?CAB0 :>;L@018,3
:0?CAB0 :@0A=>:>G0==0O,3
:0?CAB0 <>@A:0O,?> 2:CAC
:0?CAB0 <>@A:0O 70<>@>65==0O,3
:0?CAB0 <>@A:0O ACH5=0O,3
:0?CAB0 ?5:8=A:0O,3
:0?CAB0 A02>9A:0O,3
:0?CAB0 F25B=0O,3
:0?CAB0 F25B=0O 70<>@>65==0O,3
:0?CAB=K9 @0AA>;,3
:0?CG8=>,3
:0@0:0B8F0,3
:0@0:0B8F0 >G8I5==0O,3
:0@0<1>;0,3
:0@0<5;L,<;
:0@0<5;L=K9 A>CA,3
:0@0<5;L A =0G8=:>9,3
:0@0<5;L A>;5=0O,3
:0@0AL,3
:0@1>=04,3
:0@40<>=,3
:0@40<>= 75@=0,G. ;.
:0@40<>= <>;>BK9,3
:0@40<>= AB@CG:8,HB.
:0@:045,3
:0@?,3
:0@? 75@:0;L=K9,:3
:0@? D8;5,:3
:0@@8,3
:0@@8 ;8ABLO,3
:0@@8 ?0AB0,?0:5B
:0@B>D5;L,3
:0@B>D5;L 20@5=K9,3
:0@B>D5;L 20@5=K9 2 <C=48@5,3
:0@B>D5;L <>;>4>9,3
:0@B>D5;L=>5 ?N@5,?> 2:CAC
:0@B>D5;L=K5 =L>::8,3
:0@B>D5;L=K5 E;>?LO,3
:0@B>D5;L=K5 G8?AK,3
:0@B>D5;L=K9 :@0E<0;,3
:0@B>D5;L=K9 >B20@,3
:0@B>D5;L=K9 EMH 70<>@>65==K9,3
:0@B>D5;L ?5G5=K9,3
:0BK:,3
:0DD8@-;09< ;8ABLO,?> 2:CAC
:0H0,3
:0H0 4;O 45BA:>3> ?8B0=8O,3
:0HB0=>20O <C:0,3
:0HB0=>2K9 :@5<,3
:0HB0=K,3
:0HB0=K 20@5=K5,3
:0HB0=K :>=A5@28@>20==K5,3
:0HB0=K >G8I5==K5,3
:20A,3
:20A=>5 ACA;>,3
:20A=>9 :>=F5=B@0B ACE>9,C?0:>2:0
:20A E;51=K9,3
:54@>20O <C:0,3
:54@>2K5 >@5E8,3
:54@>2K5 >@5E8 60@5=K5,3
:5B0,3
:5BGC? >AB@K9,?> 2:CAC
:5BGC? B><0B=K9,3
:5BGC? B>A:0=A:89,AB. ;.
:5BGC? H0H;KG=K9,3
:5D0;L,3
:5D8@,?> 2:CAC
:5D8@ 1%,3
:5D8@ 2,5%,3
:5D8@ 3,2%,3
:5D8@ >15768@5==K9,3
:5HLN,3
:820=>,3
:828,:3
:828 65;5,3
:86CG,3
:86CG 3>@OG53> :>?G5=8O D8;5,3
:878;,3
:8;L:0,3
:8<G8,3
:8=70 A2560O,7C1G8:
:8=70 ACH5=0O,3
:8=>0,3
:8=>0 <>;>B0O,3
:8?OB>:,3
:8@H,AB. ;.
:8A5;L,3
:8A5;L ACE>9,3
:8A;><>;>G=K9 =0?8B>: "0=,<;
:8H:8,3
:;59:>28=0,3
:;5<5=B8=K,3
:;5=>2K9 A8@>?,3
:;C1=8:0,3
:;C1=8:0 2 A8@>?5,3
:;C1=8:0 70<>@>65==0O,3
:;C1=8:0, ?@>B5@B0O A A0E0@><,3
:;C1=8:0 ACH5=0O,3
:;C1=8G=>5 20@5=L5,3
:;C1=8G=>5 65;5,C?0:>2:0
:;C1=8G=>5 ?N@5,3
:;C1=8G=K9 465<,3
:;C1=8G=K9 465< 3CAB>9,<;
:;C1=8G=K9 :><?>B,AB0:0=
:;C1=8G=K9 ;8:5@,3
:;C1=8G=K9 A8@>?,3
:;N:20,3
:;N:20 2O;5=0O,3
:;N:20 70<>@>65==0O,3
:;N:20, ?@>B5@B0O A A0E0@><,3
:;N:25==>5 20@5=L5,3
:;N:25==K9 465<,3
:;N:25==K9 <>@A,AB. ;.
:;N:25==K9 A8@>?,3
:;N:25==K9 A>CA,3
:>7;8=0O ?5G5=L,3
:>7;OB8=0 <>;>40O,:3
:>:0-:>;0,AB. ;.
:>:>A>20O 2>40,AB0:0=
:>:>A>20O <C:0,AB. ;.
:>:>A>20O AB@C6:0,3
:>:>A>20O AB@C6:0 F25B=0O,3
:>:>A>2>5 <0A;>,<;
:>:>A>2>5 <>;>:>,3
:>:>A>2K5 A;82:8,3
:>:>A>2K9 ;8:5@,AB. ;.
:>:>A>2K9 M:AB@0:B,3
:>:>AK,3
:>;0,3
:>;10A0,3
:>;10A0 20@5=0O,3
:>;10A0 20@5=>-:>?G5=0O,3
:>;10A0 :>?G5=0O,3
:>;10A0 :@>2O=0O,3
:>;10A0 ?>;C:>?G5=0O,3
:>;10A0 AK@>:>?G5=0O,3
:>;10A:0 A28=0O A2560O (salsiccia),HB.
:>;10A:8,3
:>;10A:8 4;O 60@:8,3
:>;10A:8 4><0H=85,HB.
:>;10A:8 >E>B=8GL8,3
:>;10A:8 AK@>:>?G5=K5,HB.
:><?>B,3
:>=>?;O=>5 <0A;>,AB. ;.
:>=>?;O A5<5=0,3
:>=D5BK,?> 2:CAC
:>=D5BK M&Ms,3
:>=D5BK 6520B5;L=K5 ;0:@8G=K5,3
:>=D5BK >@>2:0,3
:>=D5BK "@ND5;L,3
:>=D8BN@,?> 2:CAC
:>=D8BN@:0,C?0:>2:0
:>=LO:,3
:>?G5=>AB8,3
:>@5=LO,?> 2:CAC
:>@80=4@,3
:>@80=4@ 75;5=L,3
:>@80=4@ <>;>BK9,3
:>@80=4@ A5<5=0,3
:>@8=:0,AB. ;.
:>@8F0,3
:>@8F0 <>;>B0O,3
:>@=8H>=K,3
:>@=8H>=K <0@8=>20=K5,3
:>@NH:0,3
:>@NH:0 3>@OG53> :>?G5=8O,3
:>AB8,3
:>AB8 <>73>2K5,3
:>ABL A0E0@=0O,3
:>D5 2 75@=0E,AB0:0=
:>D5 75;5=K9,3
:>D59=K5 75@=0 2 H>:>;045,3
:>D59=K9 ;8:5@,3
:>D59=K9 ;8:5@ Kahlua,<;
:>D59=K9 =0?8B>:,<;
:>D59=K9 A8@>?,3
:>D59=K9 M:AB@0:B,<;
:>D5 <>;>BK9,AB. ;.
:>D5 @0AB2>@8<K9,3
:>D5 A2565A20@5==K9,3
:>D5 G5@=K9,3
:>D5 MA?@5AA>,AB0:0=
:@01>2>5 <OA>,3
:@01>2K5 ?0;>G:8,?> 2:CAC
:@01 A=56=K9,?> 2:CAC
:@01K,3
:@0?820,3
:@0A8B5;L-35;L ?8I52>9,HB.
:@0A8B5;L ?8I52>9,3
:@0A8B5;L ?8I52>9 28H=52K9,I5?>B:0
:@0A8B5;L ?8I52>9 65;BK9,3
:@0A8B5;L ?8I52>9 75;5=K9,AB. ;.
:@0A8B5;L ?8I52>9 :@0A=K9,3
:@0A8B5;L ?8I52>9 >@0=652K9,3
:@0A8B5;L ?8I52>9 D8>;5B>2K9,3
:@0A8B5;L ?8I52>9 G5@=K9,3
:@0A=0O A<>@>48=0,3
:@0A=0O A<>@>48=0, ?@>B5@B0O A A0E0@><,AB. ;.
:@0A=>?5@:0,HB.
:@0A=>A<>@>48=>2>5 20@5=L5,3
:@0A=K9 28==K9 A>CA,3
:@0E<0;,3
:@525B:8,3
:@525B:8 70<>@>65==K5,3
:@525B:8 :>@>;52A:85,3
:@525B:8 >G8I5==K5,3
:@525B:8 >G8I5==K5 2 @0AA>;5,3
:@525B:8 A0;0B=K5,3
:@525B:8 ACH5=K5,3
:@525B:8 B83@>2K5,3
:@5:5@,3
:@5:5@ A>;5=K9,3
:@5< 7020@=>9,3
:@5< 7020@=>9 ?>@>H:>2K9,3
:@5<-D@5H,3
:@5AA-A0;0B,3
:@>2L,<;
:@>;8:,3
:@>;8: BCH:0,3
:@>;8: D8;5,3
:@>;8GLO ?5G5=L,3
:@C0AA0=K,?> 2:CAC
:@CB>=K <5;:85,3
:@K6>2=8:,3
:@K6>2=8:>2>5 20@5=L5,10=:0
:C:C@C70,3
:C:C@C70 70<>@>65==0O,3
:C:C@C70 :>=A5@28@>20==0O,3
:C:C@C70 >160@5==0O :8:>A,3
:C:C@C7=0O :@C?0,3
:C:C@C7=0O <C:0,3
:C:C@C7=>5 <0A;>,3
:C:C@C7=K5 ;5?5H:8,HB.
:C:C@C7=K5 ?0;>G:8,3
:C:C@C7=K5 E;>?LO,3
:C:C@C7=K5 E;>?LO 3;078@>20==K5,3
:C:C@C7=K5 G8?AK,3
:C:C@C7=K9 (7>;>B>9) A8@>?,3
:C:C@C7=K9 :@0E<0;,?> 2:CAC
:C<8=,3
:C<:20BK,3>@ABL
:C=6CB,3
:C=6CB=0O <C:0,3
:C=6CB=0O ?0AB0,3
:C=6CB=>5 <0A;>,3
:C=6CB=K5 A5<5G:8,?> 2:CAC
:C=6CB G5@=K9,G. ;.
:C?0BK,HB.
:C@030,?> 2:CAC
:C@4NG=>5 A0;>,3
:C@4NG=K9 68@,3
:C@8=0O 25BG8=0,3
:C@8=0O :>60,3
:C@8=0O ?5G5=L,3
:C@8=>5 :0@?0GG>,3
:C@8=>5 D8;5,3
:C@8=K5 154@0,3
:C@8=K5 3>;5=8,3
:C@8=K5 3>;5=8 :>?G5=K5,HB.
:C@8=K5 3@C4:8,3
:C@8=K5 3@C4:8 20@5=K5,3
:C@8=K5 3@C4:8 :>?G5=K5,3
:C@8=K5 65;C4>G:8,HB.
:C@8=K5 :>AB8,3
:C@8=K5 :@K;LO,3
:C@8=K5 >:>@>G:0,3
:C@8=K5 >:>@>G:0 :>?G5=K5,3
:C@8=K5 ?>B@>H:8,3
:C@8=K5 A5@45G:8,3
:C@8=K9 1C;L>=,3
:C@8=K9 ?0HB5B,3
:C@8=K9 AC?>2>9 =01>@,:3
:C@8=K9 D0@H,3
:C@8F0,3
:C@8F0 20@5=0O,3
:C@8F0 4;O 60@:8,:3
:C@8F0 :>?G5=0O,3
:C@8F0 BCH:0,3
:C@:C<0,3
:C@>?0B:8,3
:CA:CA,3
:CA:CA 65<GC6=K9,AB0:0=
:M@>1,3
;020=40,3
;020=40 ACH5=0O,I5?>B:0
;020=4>2K9 :@0A8B5;L,G. ;.
;020H,?> 2:CAC
;020H 0@<O=A:89,3
;020H ?5@A84A:89 :@C3;K9,3
;020H B>=:89,?;0AB
;02@>2K5 ;8ABLO A25685,HB.
;02@>2K9 ;8AB,3
;09<,3
;09< ;8ABLO,HB.
;09<>20O F54@0,3
;09<>2K9 A>:,3
;0=3CAB8=K,HB.
;0?H0,3
;0?H0 4;O ;03<0=0,C?0:>2:0
;0?H0 H8@0B0:8,3
;0?H0 O8G=0O 2 3=5740E,HB.
;0BC:,3
;53:85,3
;54,3
;548-D8H BCH:0,HB.
;5<>=3@0AA (;8<>==>5 A>@3>),3
;5= A5<5=0,3
;5?5H:8,3
;5?5H:8 0@01A:85,HB.
;5A=K5 >@5E8,3
;5G>,3
;825@,3
;8:5@,3
;8:5@ Alchermes,3
;8:5@ Amaretto,3
;8:5@ Baileys,3
;8:5@ Cointreau,3
;8:5@ :@5<>2K9,3
;8:5@ A;82>G=K9,3
;8<>=04,3
;8<>==0O :8A;>B0,3
;8<>==0O F54@0,3
;8<>==8: AB515;L,3
;8<>==8: O3>4K,3
;8<>==K5 :>@>G:8 70A0E0@5==K5,3
;8<>==K5 FC:0BK,3
;8<>==K9 A>:,3
;8<>==K9 C:ACA,3
;8<>==K9 M:AB@0:B,3
;8<>=G5;;>,3
;8<>=K,3
;8=328=5,HB.
;8A8G:8,3
;8A8G:8 ACH5=K5,3
;8G8,HB.
;8G8 :><?>B,3
;>1AB5@,3
;>=30=,3
;>=3:>=3,HB.
;>A>A52K5 <>;>:8,3
;>A>A52K9 D0@H,3
;>A>AL,3
;>A>AL 3>@OG53> :>?G5=8O,3
;>A>AL :>?G5=K9,3
;>A>AL A2565A>;5=K9,3
;>A>AL A25689,3
;>A>AL A25689 D8;5,3
;>A>AL A;01>A>;5=K9,3
;>A>AL AB59:8,3
;>A>AL D8;5,3
;>A>AL D8;5 =0 :>65,3
;>A>AL E>;>4=>3> :>?G5=8O,3
;>AOB8=0,:3
;C: 15;K9,?> 2:CAC
;C: 75;5=K9,3
;C: :@0A=K9,?> 2:CAC
;C: <0@8=>20==K9,3
;C:>20O H5;CE0,3
;C:>2K9 ?>@>H>:,3
;C:-?>@59,3>@ABL
;C:-@570=5F,?> 2:CAC
;C: @5?G0BK9,3
;C: @5?G0BK9 <5;:89,3
;C: A0;0B=K9,HB.
;C: ACH5=K9,3
;C:-H0;>B,3
;C:-H0;>B :@0A=K9,HB.
;L=O=0O <C:0,3
;L=O=>5 <0A;>,G. ;.
;L=O=>5 A5<O,3
;L=O=>5 A5<O <>;>B>5,3
;N18AB>:,3
<00A40<,3
<045@0,3
<09>=57,3
<09>=57 4><0H=89,3
<09>=57 ;53:89,3
<09>=57=K9 A>CA «!;>1>40» >AB=K9,3
<09>=57 >;82:>2K9,3
<09>=57 «!;>1>40» 53:89,3
<09>=57 «!;>1>40» 0 ?5@5?5;8=KE O9F0E,3
<09>=57 «!;>1>40» ;82:>2K9,3
<09>=57 «!;>1>40» @>20=A0;L,3
<09>=57 «!;>1>40» ! ;8<>==K< A>:><,3
<09>=57 «!;>1>40» !<5B0==K9,3
<09>@0=,3
<09>@0= A25689,?> 2:CAC
<09>@0= ACH5=K9,3
<0:,3
<0:0@>==K5 8745;8O,3
<0:0@>==K5 8745;8O <5;:85,3
<0:0@>=K,3
<0:0@>=K-101>G:8 (farfalle),3
<0:0@>=K-101>G:8 (farfalle) <8=8,3
<0:0@>=K 1025BB5,3
<0:0@>=K-10=B8:8,3
<0:0@>=K 1C:0B8=8,3
<0:0@>=K 468;L8,3
<0:0@>=K 48B0;>=8,3
<0:0@>=K-72574>G:8,AB0:0=
<0:0@>=K >@7>,3
<0:0@>=K-@0:CH:8 (conchiglie),3
<0:0@>=K-@0:CH:8 (conchiglie rigate),3
<0:0@>=K-@0:CH:8 :@C?=K5,3
<0:0@>=K @8A>=8,3
<0:0@>=K-@>6:8 (pipe rigate),3
<0:0@>=K-A?8@0;L:8 (fusilli),3
<0:0@>=K-CH:8 (orecchiette),3
<0::5@>=G8=8,3
<0: <>;>BK9,3
<0:>20O <0AA0,?0G:0
<0;8=0,3
<0;8=0 70<>@>65==0O,3
<0;8=0, ?@>B5@B0O A A0E0@><,AB0:0=
<0;8=0 ACH5=0O,3
<0;8=>2>5 20@5=L5,3
<0;8=>2>5 65;5,3
<0;8=>2>5 ?N@5,3
<0;8=>2K9 465<,3
<0;8=>2K9 :@5<,3
<0;8=>2K9 A8@>?,G. ;.
<0;8=>2K9 A>CA,G. ;.
<0;8=>2K9 C:ACA,<;
<0;8=>2K9 G09,3
<0=3>,?> 2:CAC
<0=3>2K9 A8@>?,<;
<0=3> :>=A5@28@>20==>5,3
<0=3>;L4,3
<0=3CAB8=,HB.
<0=40@8=>2>5 ?N@5,3
<0=40@8=>2K5 FC:0BK,3
<0=40@8=>2K9 A>:,3
<0=40@8=K,?> 2:CAC
<0=40@8=K 2 A>1AB25==>< A>:C,3
<0==0O :@C?0,3
<0@0:C9O,3
<0@30@8=,3
<0@30@8= A;82>G=K9,3
<0@<5;04,?> 2:CAC
<0@<5;04 1CB5@1@>4=K9,3
<0@A0;0,AB0:0=
<0@B8=8,3
<0@B8=8 :@0A=K9,3
<0@F8?0=,?> 2:CAC
<0@F8?0= 75;5=K9,3
<0@F8?0= @>7>2K9,3
<0@H<5;;>C,3
<0@H<5;;>C :@5<,3
<0@H<5;;>C <8=8,3
<0A:0@?>=5,3
<0A;8=K,3
<0A;8=K 157 :>AB>G5:,3
<0A;> 02>:04>,3
<0A;> 28=>3@04=KE :>AB>G5:,3
<0A;> 3@5F:>3> >@5E0,G. ;.
<0A;> 4;O D@8BN@0,3
<0A;> :54@>2>3> >@5E0,3
<0A;OB0,3
<0AB8:0,3
<0AB8:0 65;0B8=>20O,3
<0AB8:0 H>:>;04=0O,3
<0BG0,3
<0D0;L48=5,3
<0F0,3
<0F>=8,3
<0H,3
<54,3
<54 0:0F88,3
<54 3@5G8H=K9,3
<54 684:89,3
<54 ;020=4>2K9,3
<5;8AA0,3
<5@5=38,HB.
<8488,3
<8488 2 @0:>28=0E,3
<8488 2 @0:>28=0E :@C?=K5 G5@=K5,3
<8488 2 @0:>28=0E <5;:85 75;5=K5,3
<8488 70<>@>65==K5,HB.
<8488 :>?G5=K5 2 <0A;5,3
<8:@>75;5=L,3>@ABL
<8=40;L,3
<8=40;L 60@5=K9,3
<8=40;L 87<5;LG5==K9,3
<8=40;L=0O <0AA0,3
<8=40;L=0O <C:0,3
<8=40;L=0O ?0AB0,3
<8=40;L=0O MAA5=F8O,3
<8=40;L=>5 <0A;>,3
<8=40;L=>5 <>;>:>,3
<8=40;L=>5 ?5G5=L5,3
<8=40;L=>5 ?@0;8=5,3
<8=40;L=K5 ;5?5AB:8,3
<8=40;L=K9 ;8:5@,3
<8=40;L=K9 A8@>?,3
<8=40;L=K9 M:AB@0:B,:0?;O
<8=40;L >G8I5==K9,3
<8=40;L @C1;5=K9,3
<8=8-:C:C@C70,HB.
<8=>30,3
<8=B09,3
<8=B09 ?5G5=L,3
<8=B09 D8;5,3
<8A>-?0AB0,3
<8A>-AC?,?0:5B
<>66525;L=8: O3>4K,3
<>920,3
<>;;NA:8,3
<>;>:>,3
<>;>:> 0,5%,3
<>;>:> 1,5%,3
<>;>:> 2,5%,3
<>;>:> 3,2%,3
<>;>:> 3,6%,3
<>;>:> 4%,3
<>;>:> 6%,3
<>;>:> :>7L5,3
<>;>:> :>=F5=B@8@>20==>5,3
<>;>:> @8A>2>5,<;
<>;>:> A3CI5==>5,3
<>;>:> A3CI5==>5 20@5=>5,AB. ;.
<>;>:> A3CI5==>5 A :0:0>,3
<>;>:> ACE>5,3
<>;>:> ACE>5 >15768@5==>5,AB. ;.
<>;>:> B>?;5=>5,3
<>;>G=0O A<5AL,3
<>;>G=K5 ?@>4C:BK,3
<>@5?@>4C:BK,HB.
<>@:>2=>5 ?N@5,3
<>@:>2L,3
<>@:>2L 20@5=0O,3
<>@:>2L :@C?=0O,3
<>@:>2L <>;>40O,3
<>@:>2L ?>-:>@59A:8,3
<>@:>2L B5@B0O,HB.
<>@>65=>5,?> 2:CAC
<>@>65=>5 20=8;L=>5,3
<>@>65=>5 :;C1=8G=>5,3
<>@>65=>5 ;8<>==>5,?> 2:CAC
<>@>65=>5 <0;8=>2>5,3
<>@>65=>5 ?;><18@,3
<>@>65=>5 H>:>;04=>5,<;
<>@>H:0,3
<>@A:85 3@515H:8,:3
<>@A:>9 :>:B59;L,3
<>@A:>9 :>:B59;L 2 <0A;5,C?0:>2:0
<>@A:>9 :>:B59;L 70<>@>65==K9,3
<>@A:>9 G5@B,3
<>@A:>9 O7K:,3
<>@A:>9 O7K: D8;5,3
<>@B045;;0,3
<>F0@5;;0,3
<>F0@5;;0 4;O 70?5:0=8O,3
<>F0@5;;0 4;O ?8FFK,3
<>F0@5;;0 <8=8,3
<>F0@5;;0 A B@020<8,3
<>F0@5;;0 H0@8: 1>;LH>9,3
<C:0,3
<C:0 1 A>@B,3
<C:0 2 A>@B,3
<C:0 «;04CH:8=»,3
<C:0 3@C1>3> ?><>;0,3
<C:0 4;O B5<?C@K,3
<C:0 87 ?@>@>I5==>9 ?H5=8FK,AB. ;.
<C:0 <0=8B>10,3
<C:0 A0<>?>4=8<0NI0OAO,3
<C:0 A >B@C1O<8,G. ;.
<C:0 A A5<5G:0<8,3
<C:0 E;51>?5:0@=0O,3
<C:0 F5;L=>75@=>20O,3
<CA:0B 15;K9,<;
<CA:0B=>5 28=>,3
<CA:0B=K9 >@5E,3
<CA:0B=K9 >@5E <>;>BK9,3
<NA;8,3
<O3:89 B2>@>3,3
<OA=>9 1C;L>=,3
<OA=>9 D0@H,3
<OA>,3
<OA> 48:>3> :010=0,3
<OA> :@8;O,3
<OA> =0 :>AB>G:5,:3
<OB0,3
<OB0 ACH5=0O,3
<OB=K9 A8@>?,3
<OB=K9 H=0?A,3
=0@45:,3
=5:B0@8=K,HB.
=>30 O3=5=:0 157 :>AB8,3
=>@8,3
=C30,3
=C30 A >@5E0<8,3
=CB,3
=CB5;;0,3
=CB :>=A5@28@>20==K9,3
=CB>20O <C:0,3
>1;5?8E0,3
>1;5?8E0 70<>@>65==0O,3
>1;5?8E>2K9 A8@>?,AB0:0=
>2>I8,3
>2>I=0O A<5AL,3
>2>I=0O A<5AL 70<>@>65==0O,3
>2>I=0O A<5AL 70<>@>65==0O 4;O wok,3
>2>I=0O A<5AL ?>-:8B09A:8,3
>2>I=>9 1C;L>=,?> 2:CAC
>2AO=0O <C:0,3
>2AO=>5 <>;>:>,AB0:0=
>2AO=>5 ?5G5=L5,3
>2AO=>5 B>;>:=>,3
>2AO=K5 75@=0,3
>2AO=K5 >B@C18,3
>2AO=K5 E;>?LO,3
>2AO=K5 E;>?LO 1KAB@>3> ?@83>B>2;5=8O,3
>3C@5G=K9 @0AA>;,AB0:0=
>3C@FK,3
>3C@FK :>=A5@28@>20==K5,HB.
>3C@FK <0;>A>;L=K5,HB.
>3C@FK <0@8=>20==K5,10=:0
>3C@FK A25685,3
>3C@FK A>;5=K5,3
>4C20=G8:8,3
>:>@>:,3
>:>@>: 20@5=>-:>?G5=K9,3
>:C=L,3
>:C=L :@0A=K9 D8;5,3
>:C=L <>@A:>9,3
>:C=L <>@A:>9 D8;5,3
>:C=L D8;5,3
>;5=8=0,3
>;82:8,3
>;82:8 157 :>AB>G5:,3
>;82:8 75;5=K5,?> 2:CAC
>;82:8 75;5=K5 :>=A5@28@>20==K5,10=:0
>;82:8 :0;0<0B0,3
>;82:8 :>=A5@28@>20==K5,3
>;82:8, D0@H8@>20==K5 0=G>CA0<8,3
>;82:8 G5@=K5,?> 2:CAC
>;82:>20O ?0AB0,3
>;82:>2>5 <0A;>,3
>;82:>2>5 <0A;> Extra Virgin,3
>?C=F8O ?;>4K,3
>?OB0,?> 2:CAC
>?OB0 70<>@>65==K5,3
>?OB0 <0@8=>20==K5,3
>@530=>,3
>@530=> A25689,3
>@530=> ACH5=K9,3
>@5E8,3
>@5E8 1@078;LA:85,3
>@5E8 <0:040<8O,3
>@5E8 ?5:0=,3
>@5E8 ?8=88,3
>@5E>20O :@>H:0,AB0:0=
>@5E>20O ?0AB0,HB.
>@5E>2>5 <0A;>,AB. ;.
>@5E>2K9 ;8:5@,<;
>@5E>2K9 A>CA,AB. ;.
>A5B@,3
>A5B@8=0 E>;>4=>3> :>?G5=8O,3
>AL<8=>3,3
>AL<8=>38 :>=A5@28@>20==K5,3
>AL<8=>38 <8=8,3
>B@C18,3
>H55:,3
?03@,3
?068B=8:,3
?068B=8: A5<5=0,3
?0;BCA,3
?0;L<>2>5 <0A;>,3
?0=30A8CA,3
?0=5BB>=5,HB.
0=8D0@8=,3
?0=G5BB0,3
?0?09O,3
?0?09O :>=A5@28@>20==0O 2 A>1AB25==>< A>:C,3
?0?>@>B=8:,3
?0?>@>B=8: A>;5=K9,C?0:>2:0
?0??0@45;;5,3
?0?@8:0,3
?0?@8:0 :>?G5=0O,AB. ;.
?0?@8:0 :@0A=0O,AB. ;.
?0?@8:0 :@0A=0O <>;>B0O,3
?0?@8:0 >AB@0O :>?G5=0O,3
?0?@8:0 A;04:0O,3
?0?@8:0 A;04:0O :>?G5=0O,3
?0?@8:0 A;04:0O E;>?LO<8,G. ;.
?0@<570=,3
?0AB0,3
?0AB0 25468<09B,3
?0AB0 B0E8=8,3
?0AB0 E0@8A0,AB. ;.
?0AB5@=0:,3
?0AB8;0,3
?0AB8;0 28=>3@04=0O,3
?0B8AA>=K,3
?0B>:0,3
?0B>:0 :@0E<0;L=0O,3
?0B>:0 G5@=0O (<5;0AA0),3
?0EB0,3
?0HB5B,3
?5:0@A:89 ?>@>H>:,3
?5:0@A:89 ?>@>H>:,G. ;.
?5:>@8=>,3
?5:B8=,3
?5;5=30A,3
?5;L<5=8,3
?5==5,3
?5==5 @830B5,3
?5?5@>=G8=>,G. ;.
?5?5@>=G8=> <>;>BK9,I5?>B:0
?5@52>4=>9 ;8AB 4;O H>:>;040,HB.
?5@5?5;:8,BCH:0
?5@5F,3
?5@5F 15;K9,3
?5@5F 15;K9 3>@>H:><,?> 2:CAC
?5@5F 15;K9 <>;>BK9,3
?5@5F 15;K9 A2565<>;>BK9,G. ;.
?5@5F 1>;30@A:89,3
?5@5F 1>;30@A:89 65;BK9,3
?5@5F 1>;30@A:89 75;5=K9,3
?5@5F 1>;30@A:89 :@0A=K9,3
?5@5F 3>@>H:><,3
?5@5F 3>@>H:>< A<5AL,3
?5@5F 4CH8ABK9,I5?>B:0
?5@5F 4CH8ABK9 3>@>H:><,3
?5@5F 4CH8ABK9 <>;>BK9,3
?5@5F 8A?0=A:89 >AB@K9,HB.
?5@5F :095=A:89,3
?5@5F :095=A:89 :@0A=K9,3
?5@5F :095=A:89 <>;>BK9,I5?>B:0
?5@5F :@0A=K9,3
?5@5F :@0A=K9 3>@>H:><,3
?5@5F :@0A=K9 63CG89,3
?5@5F :@0A=K9 <>;>BK9,3
?5@5F :@0A=K9 >AB@K9,3
?5@5F :@0A=K9 >AB@K9 <>;>BK9,?> 2:CAC
?5@5F :@0A=K9 E;>?LO<8,I5?>B:0
?5@5F ;8<>==K9,3
?5@5F <0@8=>20==K9,3
?5@5F >AB@K9,3
?5@5F >AB@K9 75;5=K9,HB.
?5@5F >AB@K9 <>;>BK9,I5?>B:0
?5@5F ?04@>=,3
?5@5F ?5?5@>=8,3
?5@5F ?5?5@>=8 :@0A=K9,HB.
?5@5F @>7>2K9 3>@>H:><,3
?5@5F A2565<>;>BK9 A<5AL,3
?5@5F A5=530;LA:89,?> 2:CAC
?5@5F A;04:89,3
?5@5F A;04:89 65;BK9,3
?5@5F A;04:89 75;5=K9,3
?5@5F A;04:89 :@0A=K9,3
?5@5F A;04:89 :@0A=K9 <0@8=>20==K9,HB.
?5@5F A;04:89 :@0A=K9 <>;>BK9,3
?5@5F A;04:89 >@0=652K9,3
?5@5F A;04:89 ACH5=K9,3
?5@5F AKGC0=LA:89,3
?5@5F E0;0?5=L>,3
?5@5F E0;0?5=L> <0@8=>20==K9,HB.
?5@5F G5@=K9,AB. ;.
?5@5F G5@=K9 3>@>H:><,?> 2:CAC
?5@5F G5@=K9 <>;>BK9,3
?5@5F G5@=K9 A2565<>;>BK9,3
?5@5F G8;8,3
?5@5F G8;8 75;5=K9,AB@CG>:
?5@5F G8;8 :@0A=K9,AB@CG>:
?5@5F G8;8 <0@8=>20==K9,?> 2:CAC
?5@5F G8;8 <>;>BK9,3
?5@5F G8;8 ACE>9,AB. ;.
?5@5F G8;8 E;>?LO<8,?> 2:CAC
?5@5F O<09A:89,3
?5@;>20O :@C?0,3
?5@;>20O <C:0,3
?5@A8:8,3
?5@A8:8 :>=A5@28@>20==K5,3
?5@A8:8 ACH5=K5,3>@ABL
?5@A8:>2>5 ?N@5,3
?5@A8:>2K9 465<,3
?5@A8:>2K9 <0@<5;04,AB. ;.
?5@A8:>2K9 A8@>?,<;
?5@A8:>2K9 A>:,3
?5@F>20O ?0AB0,G. ;.
?5B@CH:0,3
?5B@CH:0 75;5=L,3
?5B@CH:0 8B0;LO=A:0O,?CG>:
?5B@CH:0 :>@5=L,3
?5B@CH:0 @C1;5=0O,3
?5B@CH:0 ACH5=0O,3
?5G5=L,3
?5G5=L5,?> 2:CAC
?5G5=L5 Oreo,3
?5G5=L5 <0@5BB8,3
?5G5=L5 18A:28B=>5,3
?5G5=L5 30;5B=>5,HB.
?5G5=L5 «0<A:85 ?0;LG8:8»,3
?5G5=L5 ?5A>G=>5,3
?5G5=L5 @0AAK?G0B>5,3
?5G5=L5 !02>O@48,3
?5G5=L5 A0E0@=>5,3
?5G5=L5 A;04:>5,3
?5G5=L5 ACE>5,3
?5G5=L5 H>:>;04=>5,3
?5G5=L5 .18;59=>5 <>;>G=>5,3
?82>,3
?82> 8<18@=>5,<;
?82> =5D8;LB@>20==>5,3
?82> A25B;>5,3
?82> B5<=>5,10=:0
?8:H0,HB.
?8BK,?> 2:CAC
?>284;>,3
?>4A>;=5G=>5 <0A;>,3
?>4A>;=5G=K5 A5<5G:8,3
?>;10,3
?>;10 =54>7@5;0O,3
?>;5=B0,?> 2:CAC
?>;5=B0 1KAB@>3> ?@83>B>2;5=8O,AB0:0=
?><5;>,3
?><84>@K,3
?><84>@K 1C@K5,3
?><84>@K 2O;5=K5,?> 2:CAC
?><84>@K 2O;5=K5 2 <0A;5,3
?><84>@K 65;BK5,HB.
?><84>@K 75;5=K5,:3
?><84>@K :>=A5@28@>20==K5,3
?><84>@K :>=A5@28@>20==K5 2 A>1AB25==>< A>:C,3
?><84>@K :>=A5@28@>20==K5 2 A>1AB25==>< A>:C A 1078;8:><,3
?><84>@K ?@>B5@BK5 ?0AA0B0,3
?><84>@K A>;5=K5,HB.
?><84>@K ACH5=K5 E;>?LO<8,3
?><84>@K G5@@8,3
?><84>@K G5@@8 65;BK5,3
?>?:>@=,3
?>@>A5=>:,:3
?>@B259=,3
?>@B>15;;>,3
?>@BC;0:,3
?>AK?:0 :>=48B5@A:0O,?> 2:CAC
?>G:8,3
?@8?@020 4 ?5@F0,3
?@8?@020 5 A?5F89 (five spice),G. ;.
?@8?@020 4;O 10@0=8=K,AB. ;.
?@8?@020 4;O :0@B>D5;O,3
?@8?@020 4;O :C@8FK,3
?@8?@020 4;O <0:0@>=,?> 2:CAC
?@8?@020 4;O <0@8=>20=8O A28=8=K,?> 2:CAC
?@8?@020 4;O <>@5?@>4C:B>2,?> 2:CAC
?@8?@020 4;O <OA0,3
?@8?@020 4;O ?0M;L8,?> 2:CAC
?@8?@020 4;O ?8FFK,G. ;.
?@8?@020 4;O ?;>20,3
?@8?@020 4;O ?B8FK,AB. ;.
?@8?@020 4;O @K1K,3
?@8?@020 4;O A0;0B>2,?> 2:CAC
?@8?@020 700B0@,G. ;.
?@8?@020 :@5>;LA:0O,AB. ;.
?@8?@020 A ACH5=K<8 3@810<8,G. ;.
?@8?@02K,3
?@>20=A:85 B@02K,3
?@>2>;>=5,3
?@>A5::>,<;
?@>AB>:20H0,3
?@>B58= AK2>@>B>G=K9,3
?@>HCBB>,3
?@O=8:8,3
?@O=8G=K5 A?5F88,3
?@O=>AB8,3
?A8;;8C<,3
?B8B8<,3
?C48=3,3
?C48=3 20=8;L=K9,3
?C48=3 20=8;L=K9 8=AB0=B,C?0:>2:0
?C48=3 :0@0<5;L=K9,3
?H5=8F0,3
?H5=8G=0O :@C?0,3
?H5=8G=0O <C:0,3
?H5=8G=0O <C:0 F5;L=>75@=>20O,3
?H5=8G=K5 70@>4KH8,AB0:0=
?H5=8G=K5 >B@C18,3
?H5=8G=K5 @>AB:8,3
?H5=8G=K5 E;>?LO,3
?H5==K5 E;>?LO,AB. ;.
?H5=>,3
?K;LF0 F25B>G=0O,3
?N@5,?> 2:CAC
@048::8>,HB.
@07@KE;8B5;L,3
@0:8,HB.
@0:>2K5 H59:8,3
@0:>2K5 H59:8 2 @0AA>;5,3
@0<1CB0=,3
@0?0=K,3
@0?A>2>5 <0A;>,?> 2:CAC
@0AA>;,3
@0AA>; >B :0?5@A>2,AB. ;.
@0AA>; >B >;82>:,AB. ;.
@0AB8B5;L=>5 <0A;>,3
@0AB8B5;L=>5 <0A;> 4;O 60@:8,3
@0AB8B5;L=>5 <0A;> =5@0D8=8@>20==>5,AB0:0=
@0AB8B5;L=>5 <0A;> @0D8=8@>20==>5,3
@0AB8B5;L=>5 <>;>:>,AB0:0=
@525=L,3
@530=,25B>G:0
@548A,3
@54L:0,3
@54L:0 15;0O,HB.
@54L:0 75;5=0O,HB.
@54L:0 G5@=0O,HB.
@5?0,3
@5?0 15;0O,HB.
@60=0O 70:20A:0,3
@60=0O 70:20A:0 3CAB0O,3
@60=0O <C:0,3
@60=K5 >B@C18,3
@830B>=8,3
@8:>BB0,3
@8:>BB0 B25@40O,3
@8A,3
@8A 0@1>@8>,3
@8A 10A<0B8,3
@8A 1C@K9,3
@8A 1C@K9 8 48:89 A<5AL,3
@8A 20@5=K9,3
@8A 28>;0,3
@8A 45278@0,3
@8A 48:89,3
@8A 48:89 8 7>;>B8ABK9 A<5AL,3
@8A 4;8==>75@=K9,3
@8A 4;8==>75@=K9 7>;>B8ABK9,3
@8A 4;O ?;>20,3
@8A 4;O ?C48=30,3
@8A 4;O @87>BB>,3
@8A 4;O ACH8,3
@8A 60A<8=>2K9,3
@8A 7>;>B8ABK9,3
@8A 8=48:0,3
@8A 8B0;8:0,3
@8A :0@=0@>;8,3
@8A :@0A=K9,3
@8A :@C3;>75@=K9,3
@8A :C10=A:89,3
@8A>20O 1C<030,3
@8A>20O ;0?H0,3
@8A>20O <C:0,3
@8A>2>5 28=>,G. ;.
@8A>2K5 E;>?LO,3
@8A>2K5 H0@8:8 2>74CH=K5,3
@8A>2K9 :@0E<0;,AB. ;.
@8A>2K9 C:ACA,?> 2:CAC
@8A ?@>?0@5==K9,3
@8A ?@>?0@5==K9 8 48:89 A<5AL,3
@8A O?>=8:0,3
@>6L,3
@>7<0@8=,HB.
@>7<0@8= ACH5=K9,?> 2:CAC
@>7>20O 2>40,3
@>7>2K5 1CB>=K ACH5=K5,3
@>7>2K5 ;5?5AB:8,3
@>7K,3
@>:D>@,3
@><,1CBK;:0
@><0H:0 ACH5=0O,3
@><>2K9 M:AB@0:B,G. ;.
@>< B5<=K9,3
@>AB18D,3
@C:>;0,3
@C;L:0,?> 2:CAC
@K10,3
@K10 15;0O,3
@K10 15;0O D8;5,3
@K10 :>=A5@28@>20==0O,10=:0
@K10 :>?G5=0O,3
@K10 :>?G5=0O D8;5,3
@K10 :@0A=0O,3
@K10 :@0A=0O A>;5=0O,3
@K10 :@0A=0O D8;5,3
@K10-<5G,3
@K10 <>@A:0O,3
@K10 A>;=5G=8: D8;5,HB.
@K10-A>;L,BCH:0
@K1=>5 D8;5,3
@K1=K5 :>=A5@2K,3
@K1=K5 :>AB8,3
@K1=K5 >1@57:8, 3>;>2K, ?;02=8:8,?> 2:CAC
@K1=K9 1C;L>=,3
@K1=K9 A>CA,3
@K1=K9 A>CA Nam Pla,3
@K1=K9 A>CA B09A:89,3
@K1=K9 D0@H,3
@O18=0 G5@=>?;>4=0O,3
@O1G8:,3
@O65=:0,3
@O65=:0 4%,3
A0940,3
A0940 D8;5,3
A09@0,3
A09@0 :>=A5@28@>20==0O,10=:0
A0:5,AB. ;.
A0;0:0,3
A0;0B,3
A0;0B 09A15@3,3
A0;0B :8B09A:89,3
A0;0B :>@=,?CG>:
A0;0B :>G0==K9,3
A0;0B :CG5@O2K9,3
A0;0B ;8AB>2>9,3
A0;0B=K9 <8:A,3
A0;0B @><0=>,3
A0;0B D@8AA5,3
A0;>,3
A0;> :>?G5=>5 2 ?5@F5,3
A0;> :>?G5=>5 A <OA=K<8 ?@>A;>9:0<8,3
A0;> A <OA=K<8 ?@>A;>9:0<8,3
A0;L=8:,3
A0;LA0,3
A0;LA0 25@45,G. ;.
A0;O<8,3
A0;O<8 8B0;LO=A:0O,3
A0@45;L:8,3
A0@45;L:8 :>?G5=K5,3
A0@48=:8 <0;5=L:85,HB.
A0@48=K,3
A0@48=K 2 <0A;5,10=:0
A0E0@,3
A0E0@ 20=8;L=K9,3
A0E0@ 45<5@0@0,3
A0E0@ 65<GC6=K9,3
A0E0@ :>@8G=52K9,3
A0E0@ :>@8G=52K9 :@C?=>:@8AB0;;8G5A:89,3
A0E0@ <CA:>204>,3>@ABL
A0E0@=0O ?C4@0,3
A0E0@=0O ?C4@0 0?5;LA8=>20O,3
A0E0@=0O ?C4@0 20=8;L=0O,3
A0E0@=K5 65<GC68=:8,3
A0E0@=K5 :>=48B5@A:85 C:@0H5=8O,3>@ABL
A0E0@=K9 ?5A>:,3
A0E0@=K9 ?5A>: :@C?=K9,3
A0E0@=K9 ?5A>: <5;:89,3
A0E0@=K9 A8@>?,3
A0E0@ ?0;L<>2K9,3
A0E0@-@0D8=04,3
A0E0@-@0D8=04 A :>@8F59,3
A0E0@ B@>AB=8:>2K9,3
A20=A:0O A>;L,3
A25:;0,3
A25:;0 20@5=0O,3
A25:>;L=0O 1>B20,3
A25:>;L=K5 ;8ABLO,3
A28=0O 2K@57:0,3
A28=0O 3>;>20,3
A28=0O 3@C48=:0,3
A28=0O :>@59:0,3
A28=0O :>@59:0 :>?G5=0O,3
A28=0O :>@59:0 =0 :>AB8,3
A28=0O ;>?0B:0 20@5=>-:>?G5=0O,3
A28=0O <O:>BL,3
A28=0O ?0H8=0,:3
A28=0O ?5G5=L,3
A28=0O @C;L:0,?> 2:CAC
A28=0O @C;L:0 20@5=>-:>?G5=0O,3
A28=0O @C;L:0 :>?G5=0O,3
A28=0O H59:0,:CA>:
A28=8=0,3
A28=8=0 20@5=0O,3
A28=8=0 =568@=0O,3
A28=8=0 A 68@:><,3
A28=>5 A5@4F5,3
A28=>5 D8;5,3
A28=>9 ?>4G5@52>:,3
A28=>9 D0@H,3
A28=>9 O7K:,3
A28=K5 :>B;5BK =0 :>AB>G:5,HB.
A28=K5 ;53:85,3
A28=K5 =>6:8,3
A28=K5 >B182=K5,3
A28=K5 >B182=K5 =0 :>AB>G:5,3
A28=K5 @51@0,3
A28=K5 CH8,HB.
A28=K5 I5G:8,HB.
A28B8,3
A5;L45@59,3
A5;L45@59 75;5=L,3
A5;L45@59 :>@5=L,3
A5;L45@59 :>@5=L ACH5=K9,?> 2:CAC
A5;L45@59=0O A>;L,3
A5;L45@59 A5<5=0,G. ;.
A5;L45@59 AB51;8,3
A5;L4L,3
A5;L4L A;01>A>;5=0O,3
A5;L4L A>;5=0O,HB.
A5;L4L D8;5,3
A5<30,3
A5<30 :>?G5=0O,3
A5<30 A2560O,3
A5<30 A>;5=0O,3
A5<30 D8;5 =0 :>65,3
A5<5G:8,3
A5<5G:8 A<5AL,AB. ;.
A5<>;8=0,3
A5@25;0B 20@5=>-:>?G5=K9,3
A810A,3
A84@,3
A8@>?,3
A8@>? >B :>=A5@28@>20==KE 3@CH,3
A8@>? >B :>=A5@28@>20==KE ?5@A8:>2,AB. ;.
A8@>? B>?8=0<1C@0,AB0:0=
A:C<1@8O,?> 2:CAC
A:C<1@8O A2560O,3
A:C<1@8O D8;5,3
A:C<1@8O E>;>4=>3> :>?G5=8O,3
A;82:8,C?0:>2:0
A;82:8 10-20%,3
A;82:8 15%,3
A;82:8 20%,3
A;82:8 33-35%,3
A;82:8 68@=K5,3
A;82:8 :>=48B5@A:85,3
A;82>20O ?0AB0,3
A;82>2>5 20@5=L5,3
A;82>2>5 28=>,3
A;82>2K9 465<,3
A;82>2K9 ;8:5@,AB. ;.
A;82>2K9 A>CA,3
A;82>G=>5 <0A;>,3
A;82K,:3
A;82K 70<>@>65==K5,3
A<0;5F,3
A<5AL 4;O :5:A0,HB.
A<5AL 4;O >;0489,3
A<5AL 4;O E;510 8 7;0:>2,3
A<5B0=0,3
A<5B0=0 10%,3
A<5B0=0 15%,G. ;.
A<5B0=0 18%,3
A<5B0=0 20%,3
A<5B0=0 25%,3
A<5B0=0 30%,3
A<5B0=0 35%,3
A<5B0=0 68@=0O,3
A<5B0=0 =568@=0O,3
A<5B0=0 =5:8A;0O,3
A<>@>48=0 ACH5=0O,3
A<>@>48=>2K5 ;8ABLO,3
A<>@G:8 ACE85,3
A=56>:,;
A=KBL,3
A>40,3
A>520O <C:0,3
A>52>5 <0A;>,3
A>52>5 <>;>:>,3
A>52K5 @>AB:8,3
A>52K9 A>CA,3
A>:,3
A>: 87 :@0A=KE 0?5;LA8=>2,<;
A>: <C;LB828B0<8==K9,<;
A>: N7C,<;
A>;>4,G. ;.
A>;>4 684:89,3
A>;>4>2K9 M:AB@0:B,3
A>;>4 B5<=K9,3
A>;><:0,3
A>;L,3
A>;L 38<0;09A:0O,3
A>;L :@C?=>3> ?><>;0,3
A>;L <>@A:0O,3
A>< D8;5,3
A>A8A:8,3
A>A8A:8 87 :C@8=>3> D0@H0,HB.
A>A8A:8 :>?G5=K5,3
A>CA,3
A>CA black bean,AB. ;.
A>CA sambal oelek,G. ;.
A>CA 10@15:N,3
A>CA :@0A=>40@A:89,3
A>CA :@0A=K9 >AB@K9,3
A>CA <8@8=,?> 2:CAC
A>CA =0@H0@01,3
A>CA >AB@K9,3
A>CA ?5AB>,?> 2:CAC
A>CA A0F515;8,3
A>CA B010A:>,:0?;O
A>CA B5@8O:8,3
A>CA B:5<0;8,AB0:0=
A>CA B:5<0;8 1;03>@>4=K9,3
A>CA B:5<0;8 @0==89,AB. ;.
A>CA CAB@8G=K9,G. ;.
A>CA G8;8,3
A>CA G8;8 A;04:89,G. ;.
A>CA M:7>B8G5A:89,3
A>O,3
A?035BB8,3
A?035BB8  3,3
A?035BB8  5,3
A?035BB8 ;C=38,3
A?0@60,:3
A?0@60 15;0O,3
A?0@60 75;5=0O,3
A?0@60 <>;>40O,3
A?5:,3
A?5;LB0,AB0:0=
A?5;LB>20O (?>;1O=0O) <C:0,3
A?5F88,3
A?8@B,3
A?8@C;8=0 ?>@>H>:,3
A?@54,3
AB02@840,3
AB59: A5<38,HB.
AB59: A5<38,3
AB5:;O==0O ;0?H0,3
AB@0G0B5;;0,3
AC40:,3
AC40: D8;5,3
AC40: D8;5 =0 :>65,3
AC;C3C=8,3
AC;C3C=8 :>?G5=K9,3
AC<0E,3
AC?>2>9 =01>@,3
ACE0@8,?> 2:CAC
ACE0@8 15;K5,3
ACE0@8 <>;>BK5,3
ACE0@8 ?0=8@>2>G=K5,3
ACE0@8 @60=K5,3
ACE0@=0O :@>H:0,3
ACE>D@C:BK,3
ACE>D@C:BK B@>?8G5A:85,?> 2:CAC
ACH:8,3
AK2>@>B:0,3
AK@,3
AK@ tete de moine,3
AK@ 2AB@8O 1;N,3
AK@ 04K359A:89,3
AK@ 1@8,3
AK@ 1C:>,3
AK@ 30C40,3
AK@ 3>9O,3
AK@ 3>;;0=4A:89,3
AK@ 3>;C1>9,3
AK@ 3@02L5@0,3
AK@ 46C30A,3
AK@ 4><0H=89,3
AK@ 4>@1;N,3
AK@ 8<5@5B8=A:89,3
AK@ :5D0;>B8@8,3
AK@:8 B2>@>6=K5,3
AK@ :>789 <O3:89,3
AK@ :>789 B25@4K9,3
AK@ :>;10A=K9,3
AK@ :>?G5=K9,3
AK@ :>BB546,3
AK@ 0A:0@?>=5,3
AK@ <@0<>@=K9,3
AK@ <O3:89,?> 2:CAC
AK@ >25G89,3
AK@ ?0=8@,3
AK@ ?5H5 <8=L>=,3
AK@ ?;02;5=K9,3
AK@ ?;02;5=K9 H>:>;04=K9,3
AK@ ?;0AB8=:0<8,3
AK@ ?>;CB25@4K9,3
AK@ ?@>2>;0,3
AK@ @>AA89A:89,3
AK@ A:0<>@F0,3
AK@ A:0<>@F0 :>?G5=K9,3
AK@ A;82>G=K9,3
AK@ A ?;5A5=LN,3
AK@ A ?;5A5=LN <O3:89,3
AK@ B25@4K9,3
AK@ D8;045;LD8O,3
AK@ D>=B8=0,3
AK@ E020@B8,3
AK@ H259F0@A:89,3
AKGC6=K9 D5@<5=B,G. ;.
B0;546>,3
B0;L>;8=8,3
B0;LOB5;;5,3
B0;LOB5;;5-3=5740,HB.
B0<0@8=4,HB.
B0<0@8=4>20O ?0AB0,G. ;.
B0?8>:0,3
B0@B0;5B:8,?> 2:CAC
B0@B0@,AB. ;.
B0@EC=,3
B2>@>3,3
B2>@>3 18%,3
B2>@>3 2%,3
B2>@>3 5%,3
B2>@>3 9%,3
B2>@>3 68@=K9,3
B2>@>3 75@=5=K9,3
B2>@>3 >15768@5==K9,3
B2>@>6=0O <0AA0,3
B2>@>6=0O ?0AB0,3
B2>@>6=K9 AK@,3
B2>@>6=K9 AK@ A>;5=K9,3
B2>@>6>: :;C1=8G=K9,3
B5:8;0,AB0:0=
B5;OB8=0,?> 2:CAC
B5;OB8=0 20@5=0O,3
B5;OG89 D0@H,3
B5;OGL8 >B182=K5 =0 :>AB>G:5,HB.
B5;OGL8 H=8F5;8,HB.
B5;OGL8 MA:0;>?K,3
B5;OGLO 2K@57:0,3
B5;OGLO ?5G5=L,3
B5;OGLO I5:0,HB.
B5AB> 1574@>6652>5,3
B5AB> 3>B>2>5,3
B5AB> 4;O 2>=B>=>2,3
B5AB> 4;O ?8FFK,HB.
B5AB> 4@>6652>5,?> 2:CAC
B5AB> :0B08D8,3
B5AB> <0:0@>==>5,3
B5AB> <0:0@>==>5 4;O ;070=L8,3
B5AB> ?5;L<5==>5,3
B5AB> ?5A>G=>5,?> 2:CAC
B5AB> ?@5A=>5,3
B5AB> ?@O=8G=>5,3
B5AB> A;>5=>5,3
B5AB> A;>5=>5 1574@>6652>5,?> 2:CAC
B5AB> A;>5=>5 4@>6652>5,:3
B5AB> D8;>,3
B8;0?8O,3
B8;0?8O D8;5,3
B8;L78B5@,3
B8<LO=,3>@ABL
B8<LO= ;8<>==K9,25B>G:0
B8<LO= A25689,?> 2:CAC
B8<LO= ACH5=K9,3
B:5<0;8,3
B<8=,3
B<8= <>;>BK9,3
B><0B=0O ?0AB0,3
B><0B=>5 ?N@5,3
B><0B=K9 :>=F5=B@0B,3
B><0B=K9 ?>@>H>:,3
B><0B=K9 A>:,3
B><0B=K9 A>CA,3
B><0B=K9 A>CA 8B0;LO=A:89,3
B><0B=K9 A>CA >AB@K9,3
B><0B=K9 A>CA A 1078;8:><,3
B>=8:,1CBK;:0
B>?8=0<1C@,3
B>?;5=>5 <0A;>,3
B>@B8;L8,?> 2:CAC
B>@B8;L>=8,3
B>DC,3
B@02K 0@><0B=K5,3
B@02K ?@O=K5 A ?5@F5<,G. ;.
B@02K ACE85,3
B@5A:0,3
B@5A:0 ?5G5=L,3
B@5A:0 D8;5,3
B@ND5;L,3
B@ND5;L=0O :@>H:0,3
B@ND5;L=>5 <0A;>,AB. ;.
B@ND5;L G5@=K9,HB.
BC=5F,?> 2:CAC
BC=5F :>=A5@28@>20==K9,3
BC=5F D8;5,3
BCH5=:0,3
BK:20,3
BK:25==>5 <0A;>,HB.
BK:25==>5 ?N@5,3
BK:25==K5 A5<5G:8,3
BN;L:0 A2560O,3
C3>@L,3
C3>@L :>?G5=K9,3
C3C@B,3
C:@>?,3
C:@>?=>5 A5<O,G. ;.
C:@>? A25689,3
C:@>? ACH5=K9,3
C:ACA,3
C:ACA 9%,3
C:ACA 87 A84@0,AB. ;.
C:ACA=0O MAA5=F8O,3
C:ACA AB>;>2K9,3
C;8B:8,3
C;8B:8 28=>3@04=K5,HB.
C@N:,3
CAB@8FK,3
CB8=0O 3@C4:0,3
CB8=0O ?5G5=L,3
CB8=>5 D8;5,3
CB8=K5 154@KH:8,3
CB8=K5 =>6:8,?> 2:CAC
CB:0,?> 2:CAC
CB:0 ?5G5=0O,3
CB:0 BCH:0,BCH:0
CFE>-AC=5;8,3
D070=,3
D0@H (10@0=8=0 8 3>2O48=0),3
D0@H (A28=8=0 8 :C@8F0),3
D0A>;L,3
D0A>;L 15;0O,3
D0A>;L 15;0O :>=A5@28@>20==0O,3
D0A>;L 15;0O ;8<0,3
D0A>;L 75;5=0O AB@CG:>20O,3
D0A>;L :5=89A:0O,3>@ABL
D0A>;L :84=8 :@0A=0O,3
D0A>;L :>=A5@28@>20==0O,3
D0A>;L :@0A=0O,3
D0A>;L :@0A=0O 20@5=0O,AB0:0=
D0A>;L :@0A=0O :>=A5@28@>20==0O,3
D0A>;L <>;>40O 70<>@>65==0O,3
D0A>;L ?8=B>,3
D0A>;L A?0@6520O 20@5=0O,3
D0A>;L AB@CG:>20O,3
D0A>;L AB@CG:>20O 70<>@>65==0O,3
D0A>;L AB@CG:>20O :>=A5@28@>20==0O,3
D0A>;L G5@=K9 3;07,3
D59E>0,3
D5=E5;L,3
D5=E5;L A5<5=0,3
D5=E5;L A5<5=0 <>;>BK5,3
D5AB>=0B5,3
D5B0,3
D5B0:8,3
D5B0:A0,3
D5BBCG8=5,3
D80;:8 70A0E0@5==K5,HB.
D80;:>2K9 A8@>?,3
D870;8A,?> 2:CAC
D8;5 :@0A=>3> >:C=O,HB.
D8;5 ;>A>AO,3
D8;5 ?0;BCA0,HB.
D8=8:8,3
D8=8:8 157 :>AB>G5:,AB0:0=
D8=8:8 8@0=A:85,3
D8=8:8 8@0=A:85 157 :>AB>G5:,HB.
D8AB0H:8,3
D8AB0H:8 >G8I5==K5,3
D8AB0H:8 >G8I5==K5 =5A>;5=K5,3>@ABL
D8AB0H:8 @C1;5=K5,3
D8AB0H:>20O <C:0,3
D8AB0H:>20O ?0AB0,3
D8AB0H:>2>5 <0A;>,3
D>:0GG0,?> 2:CAC
D>@5;L,3
D>@5;L 20@5=0O,3
D>@5;L 3>@OG53> :>?G5=8O,3
D>@5;L >75@=0O A2560O,HB.
D>@5;L A;01>A>;5=0O,3
D>@5;L AB59:8,HB.
D>@5;L D8;5,3
D>@5;L E>;>4=>3> :>?G5=8O,3
D@8:045;L:8,3
D@C:B 4@0:>=0,HB.
D@C:B>2K9 A8@>?,3
D@C:B>2K9 A>:,3
D@C:B>2K9 A>: 157 A0E0@0,AB0:0=
D@C:B>70,3
D@C:BK,3
D@C:BK :>=A5@28@>20==K5,3
DC=4C:,3
DC=4CG=0O <C:0,3
DC=G>70,3
E0;20,3
E0;20 20=8;L=0O,3
E0;20 ?>4A>;=5G=0O,3
E0;C<8,3
E0<>=,3
E5:,3
E5: D8;5,3
E5@5A,AB0:0=
E5@5A=K9 C:ACA,G. ;.
E;51,3
E;51 7 7;0:>2,10B>=
E;51 15;K9,3
E;51 15;K9 ACE>9,3
E;51 1>@>48=A:89,:CA>:
E;51 40BA:89 @60=>9,3
E;51 4;O AM=428G59,3
E;51=0O :@>H:0,3
E;51 @60=>9,3
E;51 A5@K9,3
E;51 A :C=6CB><,:CA>:
E;51 F5;L=>75@=>2>9,3
E;51FK ?H5=8G=>-@60=K5 F5;L=>75@=>2K5,3
E;>?LO 4 7;0:0,3
E;>?LO 5 7;0:>2,3
E;>?LO 7 7;0:>2,AB. ;.
E;>?LO 1KAB@>3> ?@83>B>2;5=8O,AB0:0=
E;>@84 :0;LF8O,3
E<5;8-AC=5;8,3
E<5;L,AB. ;.
E@5=,3
E@5= ?@>B5@BK9,3
E@5= A> A;82:0<8,3
EC@<0,3
EC@<0 A?5;0O,3
F5A0@:0 BCH:0,3
F8:>@89,G. ;.
F8B@>=>2K5 FC:0BK,3>@ABL
F8B@CA>2K5 FC:0BK,HB.
F8B@CA>2K9 A25652K60BK9 A>:,<;
FC:0BK,3
FC:8=8,3
FC:8=8 F25BK,HB.
FK?;OB0,3
FK?;OB0-:>@=8H>=K,HB.
G015@,3
G01@5F,3
G01@5F ACH5=K9,3
G09 40@468;8=3,?0:5B8:
G09 60A<8=>2K9,AB. ;.
G09 75;5=K9,?0:5B8:
G09 :>?G5=K9 ;0?A0=3 ACH>=3,3
G09 :@0A=K9,3
G09 @>91CH,AB. ;.
G09 G5@=K9,3
G09 G5@=K9 :@C?=>;8AB>2>9,G. ;.
G09 G5@=K9 A> A?5F8O<8,?0:5B
G09 M@; 3@59,AB0:0=
G0B=8 <0=3>,3
G5445@,3
G5@5<CE0,3
G5@5<CE>20O <C:0,3
G5@5<H0,3
G5@5H=52K9 465<,3
G5@5H=O,3
G5@5H=O :>=A5@28@>20==0O 157 :>AB>G5:,AB. ;.
G5@=0O A<>@>48=0,3
G5@=8:0,3
G5@=8:0 70<>@>65==0O,3
G5@=8;0 :0@0:0B8FK,3
G5@=8G=K9 465<,AB0:0=
G5@=>A;82,3
G5@=>A;82 157 :>AB>G5:,3
G5@=>A;82 2O;5=K9,3
G5@=>A;82 :>?G5=K9 157 :>AB>G5:,3
G5@=>A<>@>48=>2>5 20@5=L5,3
G5@=>A<>@>48=>2K9 465<,3
G5A=>:,3
G5A=>: <>;>4>9,3
G5A=>: ACH5=K9,3
G5A=>G=0O A>;L,I5?>B:0
G5A=>G=>5 <0A;>,?> 2:CAC
G5A=>G=K9 ?>@>H>:,3
G5G528F0,3
G5G528F0 20@5=0O,AB. ;.
G5G528F0 75;5=0O,3
G5G528F0 :@0A=0O,3
G5G8; A?035BB8,3
G8010BB0,:CA>:
G80 A5<5=0,3
G8?>B;5 <>;>BK9,I5?>B:0
G8?AK,3
G>@87>,3
H0;D59,3
H0;D59 A25689,?CG>:
H0;D59 ACH5=K9,;8AB
H0<?0=A:>5,3
H0<?0=A:>5 A>25BA:>5,AB0:0=
H0<?0=A:>5 ACE>5,AB. ;.
H0<?8=L>=K,?> 2:CAC
H0<?8=L>=K 70<>@>65==K5,3
H0<?8=L>=K :>=A5@28@>20==K5,3
H0<?8=L>=K <0@8=>20==K5,3
H0<?8=L>=K A25685,3
H0D@0=,3
H0D@0= 8<5@5B8=A:89,3
H0D@0= <>;>BK9,G. ;.
H0D@0= =8B8,HB.
H5;:>28F0,3
H5;:>28F0 ACH5=0O,3
H8?>2=8:,3
H8?>2=8:>2K9 A8@>?,3
H=0?A,3
H=8BB-;C:,AB515;L
H>:>;04,3
H>:>;04 15;K9,3
H>:>;04 3>@L:89 A 0?5;LA8=>2>9 F54@>9,3
H>:>;04 <>;>G=K9,3
H>:>;04 <OB=K9,3
H>:>;04=0O ?0AB0,3
H>:>;04=0O AB@C6:0,3
H>:>;04=>5 <0A;>,3
H>:>;04=>->@5E>20O ?0AB0,3
H>:>;04=K5 3>@>H8=K,3
H>:>;04=K5 :0?;8,3
H>:>;04=K5 :0?;8 15;K5,3
H>:>;04=K5 :>=D5BK,3
H>:>;04=K5 E;>?LO,3
H>:>;04=K5 H0@8:8 87 3>B>2KE 702B@0:>2,3>@ABL
H>:>;04=K9 ;8:5@,3
H>:>;04=K9 A8@>?,3
H>:>;04=K9 A>CA,3
H>:>;04 ?>;CA;04:89,3
H>:>;04 A >@5E0<8,3
H>:>;04 G5@=K9 3>@L:89,3
H>:>;04 G5@=K9 3>@L:89 70%,3
H>:>;04 G5@=K9 3>@L:89 75%,G. ;.
H>:>;04 G5@=K9 3>@L:89 85%,3
H>@B5=8=3,AB0:0=
H?8:,HB.
H?8: :>?G5=K9,3
H?8=0B,3
H?8=0B 70<>@>65==K9,3
H?8=0B <>;>4>9,3
H?8=0B A25689,3
H?@>BK,3
H?@>BK 2 <0A;5,3
H@>B,3
I025;L 70<>@>65==K9,3
I025;L A25689,25B>G:0
IC:0,3
IC:0 D8;5,3
M33-=>3,AB0:0=
M40<,3
M;L,<;
M<<5=B0;L,3
MA:0;>?,3
MAB@03>=,3
MAB@03>= ACH5=K9,25B>G:0
O1;>:8,3
O1;>:8 0=B>=>2:0,:3
O1;>:8 30;0,3
O1;>:8 3>;45=,3
O1;>:8 3@5==8 A<8B,:3
O1;>:8 75;5=K5,3
O1;>:8 :@0A=K5,HB.
O1;>:8 <>G5=K5,HB.
O1;>:8 =5B25@4KE A>@B>2,3
O1;>:8 A;04:85,3
O1;>:8 ACH5=K5,3
O1;>G=0O MAA5=F8O,G. ;.
O1;>G=>5 20@5=L5,3
O1;>G=>5 ?>284;>,3
O1;>G=>5 ?N@5,3
O1;>G=K5 G8?AK,AB0:0=
O1;>G=K9 465<,3
O1;>G=K9 A8@>?,AB. ;.
O1;>G=K9 A>:,3
O1;>G=K9 A>CA,AB. ;.
O1;>G=K9 C:ACA,3
O3=OB8=0,3
O3=OB8=0 :>AB@5F,3
O3=OB8=0 D0@H,3
O3=OGL8 >B182=K5 =0 :>AB>G:5,HB.
O3=OGLO 3>;5=L =0@C1;5==0O,3
O3=OGLO :>@59:0,3
O3>4=>5 20@5=L5,AB. ;.
O3>4=>5 65;5,3
O3>4=K9 A8@>?,3
O3>4=K9 A>:,3
O3>4=K9 A>CA :8A;K9,3
O3>4K,3
O3>4K 2O;5=K5,?> 2:CAC
O3>4K 70<>@>65==K5,3
O3>4K ;5A=K5,3
O3>4K ;5A=K5 70<>@>65==K5,3
O8G=K5 15;:8,3
O8G=K5 65;B:8,3
O8G=K5 65;B:8 20@5=K5,HB.
O8G=K5 65;B:8 :@C?=K5,3
O8G=K9 <5;0=6,3
O8G=K9 ?>@>H>:,AB. ;.
O9F0 :C@8=K5,3
O9F0 :C@8=K5 :@C?=K5,3
O9F0 ?5@5?5;8=K5,3
O?>=A:0O :@>H:0 ?0=:>,3
OG<5==K5 E;>?LO,3
OG<5=L,3
OG=520O :@C?0,3
